iter	Accuracy	MultiClass
0	0.96875	1.09679626
1	0.96875	1.094985336
